name,text,link
Fiba Banka Kredi,"Vatan Telefon Kredisi için başvuruyorum, Kredi başvurunuzu bankamız veri tabanında kredi performansınıza ilişkin yeterli bilgi olmaması nedeniyle şu anda olumlu değerlendiremiyoruz uyarısı ile karşılaşıyorum. Bu mesajın detayı nedir, nasıl yararlanabilirim bilmiyorum. Müşteri hizmetleri hem sık sık ...",https://www.sikayetvar.com/fibabanka/fiba-banka-kredi
Kredi Kayıt Bürosu Sicil Affından Yararlanmak İstiyorum,07.10.2022 de yürürlüğe giren kanun ile madde tarihli ve 5411 sayılı kanunun 1. Maddesi uyarınca karşılıksız çek ve protestolu senetler ile kredi ve kredi kartları borçlarına ilişkin kayıtların dikkate alınmaması hakkında kanuna aşağıdaki geçici madde ilave edilmiştir. “geçici madde 3 - (1) anapara ...,https://www.sikayetvar.com/kredi-kayit-burosu/kredi-kayit-burosu-sicil-affindan-yararlanmak-istiyorum-81
Sicil Affı KKB,"Geçmişte yaptığım kart başvuruları, kredi başvuruları, avans, esnek hesap başvurusu sicilimi oldukça etkiledi ama yaptığım hatalarımı düzelterek durumu bir hayli topladım ama sayıca fazla red başvurusu olduğu için bankalar tarafından güvensiz gözükmeme sebep oluyor. Sizlerden ricam olumsuz sonuçlana...",https://www.sikayetvar.com/kredi-kayit-burosu/sicil-affi-kkb-7
Papara Anonim Şirketi Şikayetçiyim,"Papara sisteminde olan haksızlık maalesef benim başıma da geldi. Papara şirketi tarafından açılan hesabımı bilgilerimi vererek kapattım. Kimlik kartımı iptal ettirdim. Banka hesabımı iptal ettirdim. Karakola, CİMER e numaralarını vererek şikayette bulundum. Benim adıma islak imzam olmadan ya da tele...",https://www.sikayetvar.com/papara/papara-anonim-sirketi-sikayetciyim-1
KKB Sicil Affı Sicilimin Düzeltilmesini Talep Ediyorum,"Sicil Geçmişi Düzeltilmesi! 
Geçmişe dönük bütün borçlarımı ödeyip kapattım şu an gecikmem yok ama kredi kayıt bürosunca puanım düşük ve sicilim bozuk olarak gözüküyor hala bunun kaldırılmasını talep ediyorum. 
Kredi Kayıt Bürosu Kredi Sicil Affından Yararlanmak İstiyorum. 
Bireysel bankacılık ve si...",https://www.sikayetvar.com/kredi-kayit-burosu/kkb-sicil-affi-sicilimin-duzeltilmesini-talep-ediyorum
Kredi Kayıt Bürosu Kredi Sicil Af,Bankalarda bulunan sicil kaydının 01.10.2022 tarihinde çıkan sicil afin dan yararlanmak istiyorum Haziran ayında tüm borcumu ödedim kapatım icra dosyamı kapatım ama hiçbir şekilde bankalardan onaylamıyor sizlerden ricam yeni çıkan sicil affından yararlanmak istiyorum en kısa sürede teşekkürler ☺️,https://www.sikayetvar.com/kredi-kayit-burosu/kredi-kayit-burosu-kredi-sicil-af
KKB Sicilimin Güncellenmesi,07.10.2022 de yürürlüğe giren kanun ile madde tarihli ve 5411 sayılı kanunun 1. Maddesi uyarınca karşılıksız çek ve protestolu senetler ile kredi ve kredi kartları borçlarına ilişkin kayıtların dikkate alınmaması hakkında kanuna aşağıdaki geçici madde ilave edilmiştir. “geçici madde 3 - (1) anapara ...,https://www.sikayetvar.com/kredi-kayit-burosu/kkb-sicilimin-guncellenmesi-2
KKB Sicil Affı,"Türkiye'de faaliyet gösteren tüm devlet ve özel bankalar nezdinde borcumun olmamasına rağmen kredi, kredi kartı KMH başvurularım reddedilmektedir. 01.10.2022 tarihinden itibaren sicil affım ile KKB ® puanımın kredi, kredi kartı ve KMH olarak başvuruların kabul edilmesini talep ediyorum. Tarihinden ö...",https://www.sikayetvar.com/kredi-kayit-burosu/kkb-sicil-affi-150
Papara Hesabına Banka Kartı Ekleme,"Papara hesabıma para yüklemek için hesabıma banka kartımı kaydetmek istiyorum fakat 1₺ tutarındaki kayıt işlemi sonrasında işlem başarısız oluyor, ve ...",https://www.sikayetvar.com/papara/papara-hesabina-banka-karti-ekleme
VakıfBank Banka Kesinti Ücreti,VakıfBank SWİFT ücret 2500 para kesti insanları bu şekilde bu ekonomide yazık günah değil mi herkes parayı kolay kazanmıyor geri iade edilmesini istiyorum. Hesabıma ben parayı yoldan bulmadım. Bu şekilde banka insanlara hizmet vermesin verecekse eğer bu kadar kesinti nedir ya,https://www.sikayetvar.com/vakifbank/vakifbank-banka-kesinti-ucreti
Findeks Kredi Puanımı Düşürüyorlar!,"Ödemelerimi Düzenli şekilde yaptığım halde Findeks 2 aydır beni gecikmede gösteriyor ve bankaları aradığımda, gecikmede ürünümün olmadığı söylensede Findeks'te gecikmede gözüktüğüm için puanım çok düştü. Her Ay aynı hatayı yapıyorlar. Gecikmede değilim ama gecikmedeymişim gibi puanım yerlerde Mağdur...",https://www.sikayetvar.com/findeks/findeks-kredi-puanimi-dusuruyorlar
Papara Havale İşlemi Yapmak İstiyorum,Papara hesabıma Ziraat Bankası'ndan bir. Havale gerçekleştirdim Ve Papara hesabıma hala bir para gelmedi. Bu durum için ne yapmam gerekiyor. Yardımcı olabilir misiniz. Papara Papara Papara Papara Papara Papara Papara Papara Papara Papara Papara Papara Papara Papara,https://www.sikayetvar.com/papara/papara-havale-islemi-yapmak-istiyorum
Kredi Kayıt Bürosu Sicil Affından Yararlanmak İstiyorum,07.10.2022 de yürürlüğe giren kanun ile madde tarihli ve 5411 sayılı kanunun 1. Maddesi uyarınca karşılıksız çek ve protestolu senetler ile kredi ve kredi kartları borçlarına ilişkin kayıtların dikkate alınmaması hakkında kanuna aşağıdaki geçici madde ilave edilmiştir. “geçici madde 3 - (1) anapara ...,https://www.sikayetvar.com/kredi-kayit-burosu/kredi-kayit-burosu-sicil-affindan-yararlanmak-istiyorum-80
QNB Finansbank Hesap Aktif Edilememesi İnternet Bankacılığı Şifresi Alınamaması Hk.,Daha önce kullandığım ve sonrasında yenilemeye çalıştığım telefon numaram üzerinden bankacılık işlemleri için İnternet mobil üzerinden İnternet şifresini girdiğim bilgilerim üzerinden devamı tamamlanmıyor. Yeni hesap açılımı üzerinden çift hat kullandığım için diğer telefon numaram üzerinden denemem...,https://www.sikayetvar.com/qnb-finansbank/qnb-finansbank-hesap-aktif-edilememesi-internet-bankaciligi-sifresi-alinamamasi-hk
Kredi Kayıt Bürosu Kredi Sicil Affı,07.10.2022 de yürürlüğe giren kanun ile madde tarihli ve 5411 sayılı kanunun 1. Maddesi uyarınca karşılıksız çek ve protestolu senetler ile kredi ve kredi kartları borçlarına ilişkin kayıtların dikkate alınmaması hakkında kanuna aşağıdaki geçici madde ilave edilmiştir. “geçici madde 3 - (1) anapara ...,https://www.sikayetvar.com/kredi-kayit-burosu/kredi-kayit-burosu-kredi-sicil-affi-220
Kredi Kayıt Bürosu Kredi Sicil Affı,07.10.2022 de yürürlüğe giren kanun ile madde tarihli ve 5411 sayılı kanunun 1. Maddesi uyarınca karşılıksız çek ve protestolu senetler ile kredi ve kredi kartları borçlarına ilişkin kayıtların dikkate alınmaması hakkında kanuna aşağıdaki geçici madde ilave edilmiştir. “geçici madde 3 - (1) anapara ...,https://www.sikayetvar.com/kredi-kayit-burosu/kredi-kayit-burosu-kredi-sicil-affi-219
Kuryenet Banka Kartı Teslimat,Kuryenet e verilen 3200376010574 takip numaralı Halkbank kartım dağıtıma çıktığı günlerde evde olduğum halde tarafıma teslim edilmiyor dağıtımda deyip sonra teslim edilmedi gösteriyorlar oysa ben tüm gün evde oluyorum o günlerde. İkidir aynı şikayet artık kartımı şubeye yönlendirdim oradan alacağım....,https://www.sikayetvar.com/kuryenet/kuryenet-banka-karti-teslimat-2
Findeks Kredi Puanım Artmıyor,"Findeks puanım, kredi kartlarımın limitlerin artmasına ve borçları gününde ödememe rağmen artmıyor. Yaklaşık 2 yıldır çok düşük bir seviyede. Farklı bankalar bana bu yüzden kredi kartı vermemektedir. Bu sorunun çözülmesi için yardımlarınızı rica ediyorum.",https://www.sikayetvar.com/findeks/findeks-kredi-puanim-artmiyor-9
VakıfBank Onay Olmadan Limit Arttırımı Yapıyor,Talep etmediğim halde VakıfBank limit arttırımı yapıyor. Onayım olmadan bu işlemi neden gerçekleştiriyor sunuz. Sizin yüzünden diğer banka kartlarımda limit sorunu yaşıyorum. Arttırılan limitin hemen geri alınmasını istiyorum aksi halde kredi kartını iptal edeceğim bilginiz olsun,https://www.sikayetvar.com/vakifbank/vakifbank-onay-olmadan-limit-arttirimi-yapiyor
Kuryenet Kurye Uğramadığı Adresi Geldik Adreste Bulamadık Diye Mesaj Düşürüyor,Eve getirmediği kredi kartını işini savsakladığını gizlemek için banka sistemlerine adresine uğradık. Şahsı adreste bulamadık şeklinde mesaj düşüren kurye ayrıca telefonla kendisini aradığımızda ev adresi vermiş olmamıza rağmen iş yeri adresi isteyip evde diretince biz bu hafta içinde getireceğiz şe...,https://www.sikayetvar.com/kuryenet/kuryenet-kurye-ugramadigi-adresi-geldik-adreste-bulamadik-diye-mesaj-dusuruyor
VakıfBank Bankomat Para Kampanyasında Paramın Hiç Edilmesi,"VakıfBank bankomat kartta yapılan ""4 kez 250 TL akaryakıt alışverişine 75 TL bankomat para""kampanyasında sorun yaşadım. Son alışverişim banka uygulamasında ""... Petrol"" olarak gözükmesine rağmen kampanyaya dahil edilmemiş. Müşteri hizmetlerine durumu sorduğumda pos cihazı kodunun çeşitli yiyecek ola...",https://www.sikayetvar.com/vakifbank/vakifbank-bankomat-para-kampanyasinda-paramin-hic-edilmesi
VakıfBank Click Kart Başvurusu Sıkıntısı,"VakıfBank kampanya düzenliyor
2000 push teklifi yapıyor
Click kart ve sonrası bana ret geliyor ve benim herhangi bir sıkıntım yok bankalarla. Kredi notumu düşürüyor ret vererek.
Beni o zamana bu kampanyaya sokmayın. Red vereceksiniz. Bir an önce çözülmesini istiyorum.",https://www.sikayetvar.com/vakifbank/vakifbank-click-kart-basvurusu-sikintisi
VakıfBank Komisyon Ve Saklama Ücreti,VakıfBank maaş müşterisiyim ve İnternet bankacılığı kullanıyorum yatırım hesabı açtım ve borsada işlem yapıp hisse senedi aldım fakat benden her ay 3 TL komisyon ve saklama ücreti kesiliyor hisse senedi satışında zaten banka komisyon alıyor kesilen paraların iadesini talep ediyorum,https://www.sikayetvar.com/vakifbank/vakifbank-komisyon-ve-saklama-ucreti
QNB Finansbank Banka Kredisi Hakkında,QNB Finansbank'tan kullanmış olduğum kredi ödememde kredi faiz oranında artış olduğu söylenip ödediğim kredi tutarını arttırarak değiştirmişlerdir. Ben krediyi çekeli yaklaşık 8 ay kadar olmuştur. Kredi tutarımın eski haline getirilmesini aksi halde Tüketici Hakları'na kadar gideceğimi bildirmek ist...,https://www.sikayetvar.com/qnb-finansbank/qnb-finansbank-banka-kredisi-hakkinda
Papara Kartımın İptal Olmasını İstiyorum,14.10.2022 tarihinde evde ek iş adı altında tarafıma Papara uygulamasından banka hesabı açmam gerektiği söylendi. Kimlik bilgilerimi girdikten sonra hesaba benim telefonuma gelen kodu girmem gerekirken onların telefonlarına gelen kodları girdim. Bilgiler bana ait fakat telefon numarası ve mail adres...,https://www.sikayetvar.com/papara/papara-kartimin-iptal-olmasini-istiyorum
Kredi Kayıt Bürosu Kredi Notu Düzeltilmesi,07.10.2022 de yürürlüğe giren kanun ile madde tarihli ve 5411 sayılı kanunun 1. Maddesi uyarınca karşılıksız çek ve protestolu senetler ile kredi ve kredi kartları borçlarına ilişkin kayıtların dikkate alınmaması hakkında kanuna aşağıdaki geçici madde ilave edilmiştir. “geçici madde 3 - (1) anapara ...,https://www.sikayetvar.com/kredi-kayit-burosu/kredi-kayit-burosu-kredi-notu-duzeltilmesi-4
Kredi Kayıt Bürosu Kara Listeden Çıkmak,07.10.2022 de yürürlüğe giren kanun ile madde tarihli ve 5411 sayılı kanunun 1. Maddesi uyarınca karşılıksız çek ve protestolu senetler ile kredi ve kredi kartları borçlarına ilişkin kayıtların dikkate alınmaması hakkında kanuna aşağıdaki geçici madde ilave edilmiştir. “geçici madde 3 - (1) anapara ...,https://www.sikayetvar.com/kredi-kayit-burosu/kredi-kayit-burosu-kara-listeden-cikmak-2
MNG Kargo Fazladan Tahsilat Hatası,MNG Kargo'dan 26 Ekim de gelen kapıda ödemeli kargomuzun teslimi sırasında o gün sistem arızası olduğu söylenen nedenden dolayı banka kartımdan 414 TL fazla tahsilat yaptılar. Hatayı kabul etmelerine rağmen 1 haftadır para iadem gerçekleşmedi. Acil çözüm talep ediyorum,https://www.sikayetvar.com/mng-kargo/mng-kargo-fazladan-tahsilat-hatasi
QNB Finansbank Günlük Limit Sorunu,QNB ATM den günlük para çekme limitini arttırmadıkları için ödemelerim gecikiyor müşteri hizmetleri ile yaptığım görüşmelerden de sonuç alamadım. İnsanın kendi parasını çekememesi gerçekten çok saçma bir durum. İş yeri bu banka ile çalıştığını için mağdur oluyoruz,https://www.sikayetvar.com/qnb-finansbank/qnb-finansbank-gunluk-limit-sorunu
VakıfBank İznim Dışı Dolar Harcaması 2 Aydır Sonuçlanmadı,VakıfBank word karttan iznim dışında yurt dışı 94usd işlem yapıldığını gördüm hemen VakıfBank'ı aradım işlem henüz provizyonda görünüyordu Amerika'da bir araba parçası alındığını gördüm bankaya gittim bununla alakalı form doldurdum ve yetkililerle görüştüm 2aydır cevap bekliyorum mağduriyet yaşıyoru...,https://www.sikayetvar.com/vakifbank/vakifbank-iznim-disi-dolar-harcamasi-2-aydir-sonuclanmadi
,,
Kuryenet 15 Gündür Teslim Edilmeyen Kargo,Denizbank aracılığıyla banka kartı talebimi Kuryenet üzerinden kargolanıp teslim edileceği söylenildi ama 15 gündür Kargom hala elime ulaşmadı. Takip adresinden kontrol etmeme rağmen yazan şey geldik ulaşamadık ibaresi ne bir arayan var ne bir soran Çok mağdurum müşteri hizmetlerine de bağlanılamıyo...,https://www.sikayetvar.com/kuryenet/kuryenet-15-gundur-teslim-edilmeyen-kargo
VakıfBank Maaş Müşterisi EFT Ücreti,"Maaş müşterisi olduğum ve hiçbir işlem ücreti ödemediğim VakıfBank, bugün kendime ait başka banka hesabına para göndermem sonucu 61 TL masraf kesti. Daha önce daha yüksek tutarlarda bile ücret ödemedim. Tutarın tarafıma iadesini talep ediyorum. İyi çalışmalar",https://www.sikayetvar.com/vakifbank/vakifbank-maas-musterisi-eft-ucreti-1
Mefete Banka Havalesi İle Yaptığım Transfer Hâlâ Hesabıma Gelmedi,"Yapı Kredi hesabımdan Mefete hesabıma transfer ettiğim param Mefete hesabıma gelmiyor 

Mefete hesap no 9437244062
Acil yardımcı olursanız sevinirim
Gösterdiği şekilde vermiş olduğu bilgileri girerek yatırım yaptım neden geçmiyor hesaba 
Böyle bir saçmalık olamaz",https://www.sikayetvar.com/mefete/mefete-banka-havalesi-ile-yaptigim-transfer-hala-hesabima-gelmedi
Fibabanka Havale Ettiğim Para Karşı Tarafa Ulaşmadı,Ziraat bankasından fibabankası na havale ettiğim para 3 gün geçmesine rağmen Fibabanka müşterisinin hesabına geçmedi hiçbir bilgilendirme yapılmıyor müşteri temsilcisine bağlanamıyorum. Ziraat bankasını aradığımda paranın fibabankası na geçtiğini söyledi,https://www.sikayetvar.com/fibabanka/fibabanka-havale-ettigim-para-karsi-tarafa-ulasmadi
VakıfBank Ve Avukatları Ödemesini Yaptığım İcra Dosyamı Kapatmıyorlar,VakıfBank'tan 2017 yılında kredi kartımla alakalı borçlanmadan dolayı icralık oldum. Bütün borcumu şubeden elden bir ödeme sağladım fakat. Daha sonra VakıfBank'ın mevcut hukuk bürosu ile anlaşmayı sonlandırması durumunda sinerji hukuk bürosu işlemler sonlandırıldı. Daha sonrasında nisan ayında icra ...,https://www.sikayetvar.com/vakifbank/vakifbank-ve-avukatlari-odemesini-yaptigim-icra-dosyami-kapatmiyorlar
Denizbank Kredi Kartı Alışverişinde Açıklanamayan Kur Farkı,"Denizbank kredi kartımla yapmış olduğum yurt dışı alışverişinde sebebi açıklanamayan kur farkı nedeniyle yaklaşık 1000 TL zararım bulunmaktadır. Alışveriş yapmış olduğum tutar 1099 Pound ve onay bekleyen işlemlerde 23.331,14 TL idi.
Harcama dönemiçi işlemlere düştüğünde 24.406,13 TL olarak yansıdı.
...",https://www.sikayetvar.com/denizbank/denizbank-kredi-karti-alisverisinde-aciklanamayan-kur-farki
Sicil Affı Kredi Kayıt Bürosu Sicilinin Temizlenmesini Talep Ediyorum,07.10.2022 de yürürlüğe giren kanun ile madde tarihli ve 5411 sayılı kanunun 1. Maddesi uyarınca karşılıksız çek ve protestolu senetler ile kredi ve kredi kartları borçlarına ilişkin kayıtların dikkate alınmaması hakkında kanuna aşağıdaki geçici madde ilave edilmiştir. “geçici madde 3 - (1) anapara ...,https://www.sikayetvar.com/kredi-kayit-burosu/sicil-affi-kredi-kayit-burosu-sicilinin-temizlenmesini-talep-ediyorum
QNB Finansbank Emekli Promosyon İşlemleri,"Merhaba 
anne ve babamın emekli maaşlarını QNB finans banka taşıyarak promosyondan faydalanmaları için eylül ayı sonu QNB Finansbank müşteri hizmetlerini aradım nasıl işlem yapmamız gerektiğini sordum görüntülü görüşme ile maaş hesabı taşıma işlemleri yapılabildiği söylendi. Bize söylenen şekilde on...",https://www.sikayetvar.com/qnb-finansbank/qnb-finansbank-emekli-promosyon-islemleri-1
,,
Kredi Kayıt Bürosu Kredi Kredi Kartı KMH Onaylanmaması,"Türkiye'de faaliyet gösteren tüm devlet ve özel bankalar nezdinde borcumun olmamasına rağmen kredi, kredi kartı KMH başvurularım reddedilmektedir. 01.10.2022 tarihinden itibaren sicil affım ile KKB ® puanımın kredi, kredi kartı ve KMH olarak başvuruların kabul edilmesini talep ediyorum. Tarihinden ö...",https://www.sikayetvar.com/kredi-kayit-burosu/kredi-kayit-burosu-kredi-kredi-karti-kmh-onaylanmamasi
QNB Finansbank Ek Hesap Sorunu,Maaş müşterisi olmam halinde halen daha ek hesap veya kredi kartı alamıyorum. Diğer bankalar kart verirken QNB Finansbank hiç umursamıyor. Başvuru yaptığım zaman beni şubelere yönlendiriyorlar. Daha önceden yaşamış olduğum bazı banka sıkıntıları yüzünden kart verilmediğini belirtiyorlar,https://www.sikayetvar.com/qnb-finansbank/qnb-finansbank-ek-hesap-sorunu-9
Fibabanka Görünmeyen Faiz Uygulaması,Kredisini kullandığım banka kartında krediyi kapatıp hesabı hesap kesiminden önce 0 a 0 yapmama rağmen görünmeyen faiz alınıyor pek kullanmadığım hesap zaten bakmasan eksiye düşürüp boşu boşuna hem paramı hem de kredi notumu düşürecekler. Güzel düzen,https://www.sikayetvar.com/fibabanka/fibabanka-gorunmeyen-faiz-uygulamasi
Papara Onaysız Hesap İçindeki Bakiye,Selamlar. Papara 2127000735 numaralı Papara hesabım vardı. Sonrasında ben bu hesabı bloke ettirdim. Aradan uzun zaman geçtikten sonra yeni bir Papara hesabı açtım ve 2045138908 numaralı Papara hesabımı onaylamaya çalıştığımda kimlik bilgilerim diğerinde kayıtlı olduğu için onaylayamadım. İstemsiz bi...,https://www.sikayetvar.com/papara/papara-onaysiz-hesap-icindeki-bakiye
İş Bankası Kur Korumalı Mevduat Hesabı,"İş Bankası'nda kur korumalı mevduat hesabı açmıştım. Vade dolunca sadece faiz ödemesi yapılıp, kur farkından olan ödeme tarafıma yapılmamıştır. Banka ile yapmış olduğum görüşme ile kayıt oluşturulmasına rağmen 1 haftadır sorunum çözülmemiştir. Bu bağlamda Bankadan şikayetim var.",https://www.sikayetvar.com/is-bankasi/is-bankasi-kur-korumali-mevduat-hesabi
Kuryenet İle İlgili Şikayet,Denizbank tan almış olduğum kartımı Kuryenet 2 aydır bana ulaştıramadı. Dağıtıma çıktı adreste bulamadık bizde değildir. Gibi bahaneler ile otomatik cevap veren bir sistem karşımızda muhatap olacak kimse yok banka ile iletişime geçtim kurye nette olduğunu söyledi fakat Kuryenet firmasında muhatap ol...,https://www.sikayetvar.com/kuryenet/kuryenet-ile-ilgili-sikayet
Vivense.com'dan Şikayetçiyim Ücret Kesmesine Rağmen Sipariş Geçilmemiş,Vivense'den ürün sipariş ettim üye olmadan devam ettim sipariş için ücreti öderken hata aldım. Banka hareketlerine bakınca parayı kesmiş ama siparişi vermemiş. Müşteri hizmetlerini aradım telesekreter sürekli farklı bir yere yönlendiriyor muhatap bulamıyorum.,https://www.sikayetvar.com/vivense/vivensecomdan-sikayetciyim-ucret-kesmesine-ragmen-siparis-gecilmemis
Binbin Usulsüz Ceza Kesti,Dün gece binbin kullandım ve olması gerektiği gibi park ettim. Sonrasında sürüşü bitir seçeneğine bastım ve sürüşü bitirdim. Herhangi bir uyarı vermedi ve yeni sürüşe başlama ekranı çıktı. Ve cihazın ışıkları kilitlenince yandığı şekilde yanıyordu. 25₺ cezai işlem uygulanmış. Sorunun derhal çözülmes...,https://www.sikayetvar.com/binbin/binbin-usulsuz-ceza-kesti-1
İş Bankası İstanbul/Cevizli Promosyon Hatası,26 Eylül'de promosyon alabilmek için İstanbul Kartal Çınar Caddesi'indeki �ş Bankası'na başvuruda bulundum 28 Ekim'de maaşımın ve promosyonumu yatacağını belirttiler. Bunun üzerine 1 Kasım'da paramı çekmek için gittiğimde maaş geçişimin olduğunu ama promosyon ücreti alabilmek için başvuru yapılırken...,https://www.sikayetvar.com/is-bankasi/is-bankasi-istanbulcevizli-promosyon-hatasi
VakıfBank ATM'sinin Paramı Yutması,"Ben VakıfBank ATM'sinden Tosla kartıma 60 TL para yatıracaktım.
Banka kartımı yuttu ve bankanın müşteri hizmetlerini aradım. Yaklaşık 2 saat boyunca Tosla ve VakıfBank'ın müşteri hizmetleriyle konuştum. Tosla müşteri hizmetleri VakıfBank adına işlem başlattı. Bankada İşleminiz devam etmekte yazısı g...",https://www.sikayetvar.com/vakifbank/vakifbank-atmsinin-parami-yutmasi-6
İş Bankası Aranmamak Telefonları Açmamak,İş Bankası altıyol şubesini arıyorum ulaşamıyorum mesaj atıyorum ulaşamıyorum beni arayın diyorum arayan yok bireysel bankacılıkla görüşme yapacağım görüşemiyorum bir çok kez aradım şikayet etmek istemezdim başka yol bırakmadılar müşteri seçiyorlar sanırım,https://www.sikayetvar.com/is-bankasi/is-bankasi-aranmamak-telefonlari-acmamak
Obilet Otobüs Bileti İptali,23.10.2022'de yanlışlıkla 2 bilet aldım ve iptalini sağladım. 1-7 iş günü içerisinde ücret iadesinin bankaya yapılacağı bilgisi verildi. Banka kredi kartı bilgilerimi kontrol ettiğimde herhangi bir geri ödemenin yapılmadığını gözlemlemekteyim. PNR : 3049278 ve PNR : 3049300 ait bilet tutarlarının ta...,https://www.sikayetvar.com/obilet/obilet-otobus-bileti-iptali-18
İş Bankası Yapılandırma Bitti Ama Kartı Kullanamıyorum,Kredi kartı yapılandırma borcu bittiğinde kartınız kullanıma açılacaktır denilmişti. Hızır borç yapılandırma yapmıştım borcu yeni bitti ama kartımı kullanıma açmıyorlar madem açılmayacaktı neden baştan söylemiyorsunuz yapılandırma yapmazdım. Müşteri hizmetleri ilgilenmiyor.,https://www.sikayetvar.com/is-bankasi/is-bankasi-yapilandirma-bitti-ama-karti-kullanamiyorum
Halkbank Kur Korumalı Faizin Ödenmemesi,Halkbank Karaman Şubesi Kur korumalı faizin yatırılmaması. 3ay önce kur korumalı hesaba 389bin tl yatırdım. Dolar kuru o gün için 17. Tl idi. 02.11.2022 de dolar kuru 18.5. Paranın günü geldiğinde sadece ana para faizini aldım. Dolar kurumdan gelecek olan faizi alamadım. Hesap açtırdığım gün yaklaşı...,https://www.sikayetvar.com/halkbank/halkbank-kur-korumali-faizin-odenmemesi
İş Bankası Personellerinin Telefonla Konuşup İlgilenmemesi,İş Bankası Kartal sanayi şubesine hesap açmak için gittim. Sıra numaram gelince müşteri temsilcisine gittim e** e** isimli personel telefon ile başka bir müşteri için kredi başvurusu ile ilgileniyordu. Onu bekledim saçma bir şekilde devam etti anlayamadım. Neden benim sıram gelmiş numaram yanmış ve ...,https://www.sikayetvar.com/is-bankasi/is-bankasi-personellerinin-telefonla-konusup-ilgilenmemesi
İş Bankası Kredi Kartı Aidatı,İş Bankası'nın kaç yıllık eski çalışanıydım ve üniversiteden itibaren de müşterisiydim. İstifa ettikten 2 ay sonra kartıma hemen kredi kartı aidatı yansıtıldı. İade istedim etmediler. Müşteri temsilcisine durumu anlattım ama yapabileceği bir şey yokmuş. Yıllardır aktif kullandığım kartımı iptal etti...,https://www.sikayetvar.com/is-bankasi/is-bankasi-kredi-karti-aidati-1375
"İş Bankası 12.776,00 TL Telefon Faturaların Tarafımıza Ödenmesi","İş bankasına ait kullandığımız pos cihazı arızasından dolayı hiç kullanmadığımız sabit telefon için Ağustos ayında 689,75 TL Eylül ayında ise 11.539,25 TL ve Ekim ayında 547,00 TL toplamda 12.776,00TL faturaya sebebiyet verdi. Türk Telekom müdürlüğünden aldığımız bilgi; pos cihazı sürekli arama yapa...",https://www.sikayetvar.com/is-bankasi/is-bankasi-1277600-tl-telefon-faturalarin-tarafimiza-odenmesi
Papara Hesabıma Transfer Gerçekleşmedi,Garanti Bankası'ndan Papara hesabıma 1000 TL gönderdim 3 gün oldu Papara hesabıma halen daha geçmedi dekont gönderdim dönüş yok müşteri hizmetlerine bağlanmaya çalışıyorum sürekli bekletiyorlar kaç gündür rehin aldılar paramı ne mesaj atıyorlar ne de dönüş sağlıyorlar,https://www.sikayetvar.com/papara/papara-hesabima-transfer-gerceklesmedi-1
Halkbank SMS Güvenlik Listesinden Çıkarılma,Halkbank SMS güvenlik kontrolü nedeni ile şubeye başvurun diyor müşteri hizmetlerine bağlanılmıyor halk banka ait kartım yok ATM'den işlem yapamıyorum mobilden veya PC üzerinden herhangi bir SMS alma işlemi yapmama izin vermiyor müşteri hizmetleri ne ulaşamıyorum,https://www.sikayetvar.com/halkbank/halkbank-sms-guvenlik-listesinden-cikarilma
İş Bankası Mobil Bankacılık Hata Veriyor,İş Bankası uygulamasını kullanırken mobil bankacılıktan çıkıp anında bankacılık talimatının bulunmamaktadır lütfen şubemize başvurunuz uyarısı alıyorum. Şifreyi yanlış girmedim herhangi bir şey yapmadım neden böyle oldu bilmiyorum konuyla ilgili şubeyi aradım buraya gelmeniz lazım sorun nedir bilmiy...,https://www.sikayetvar.com/is-bankasi/is-bankasi-mobil-bankacilik-hata-veriyor
İş Bankası MaxiPuan Ödemesini Yapmıyor,"İş Bankası Maximum kart ile size özel 250 TL MaxiPuan adı altında 12000 liralık alışveriş yapın kazanın diye mesaj geldi. Belirtilen gün aralığında 16000 liralık alışveriş yaptım. Maxipuanı yatırmıyorlar. Aradım
 kampanya detaylarında sektör bilgisi vermemesine rağmen belirtilen sektör alışverişleri...",https://www.sikayetvar.com/is-bankasi/is-bankasi-maxipuan-odemesini-yapmiyor
VakıfBank Cepte Kazan İşlemleri,"VakıfBank mobil bankacılıktan Cepte Kazan işlemi ile ilgili 31.10.2022 günü Beyaz Eşya, Mobilya, Elektronik ve Yapı alışverişinizde her 2000 TL alışverişinize 100 TL, toplamda 200 TL worldpuan hediye kampanyasına katıldım. Aynı gün yani 31.10.2022 günü Media Markt isimli firmadan internet üzerinden ...",https://www.sikayetvar.com/vakifbank/vakifbank-cepte-kazan-islemleri
Sicil Affı Kredi Kayıt Bürosu Sicilimin Temizlenmesini İstiyorum,07.10.2022 de yürürlüğe giren kanun ile madde tarihli ve 5411 sayılı kanunun 1. Maddesi uyarınca karşılıksız çek ve protestolu senetler ile kredi ve kredi kartları borçlarına ilişkin kayıtların dikkate alınmaması hakkında kanuna aşağıdaki geçici madde ilave edilmiştir. “geçici madde 3 - (1) anapara ...,https://www.sikayetvar.com/kredi-kayit-burosu/sicil-affi-kredi-kayit-burosu-sicilimin-temizlenmesini-istiyorum
İşCep'e Çoğu Zaman Giriş Yapamıyorum,İş cephe son zamanlarda giriş yapamıyorum hata verip bağlantınızı kontrol edin diyor ama diğer banka hesaplarıma giriş yapabiliyorum bu konuda çok mağdur oldum ne havale ne EFT yapabildim anlayacağınız içerideki paramı kullanamıyorum lütfen acil çözüm bulunsun,https://www.sikayetvar.com/is-bankasi/iscepe-cogu-zaman-giris-yapamiyorum
QNB Mobil Bankacılık Kısıtlaması,QNB maaş hesabıma mobil giriş yapamıyorum. Buna da gerekçe olarak geçmişte Enpara'da olan bir hesabıma bloke yapılmasından dolayı QNB de de bu engellemenin yapıldığı söyleniyor. Maaş hesabı olduğu için mecburen bu banka ile çalışmam gerekiyor. Sürekli maaş çekmek için şubeye gitmem gerektiğinden sor...,https://www.sikayetvar.com/qnb-finansbank/qnb-mobil-bankacilik-kisitlamasi
,,
Pep Kartımdan Para Çekilmesine Rağmen Hizmet Alamadım,"Pep hizmet almadığım halde kredi kartımdan para çekildi. Pep hizmet almadığım halde kredi kartımdan iki defa para çekildi. 01.11.2022 tarihinde trafik sigortası için Türkiye Koç sigorta şirketinde sevil tarafından 0850 557 11 69 numaralı çağrı merkezinden arandım, 3698 TL bedel ile anlaştık, kredi k...",https://www.sikayetvar.com/pep/pep-kartimdan-para-cekilmesine-ragmen-hizmet-alamadim
ING 35 Kuruşluk Mücadele!,"2020 yılda Migros'tan telefon almak için ING Bank'tan kredi çektim kredinin her taksitini ödedim. Ödemelerimi bitirdim, fakat 35 kuruş borç kalmış. Bunun için beni KKB'ye kadar götürmüşler ve bu olanlardan benim bugün haberim oldu. 35 kuruş için ne beni arayan var ne de başka bir şey. Bir insanın KK...",https://www.sikayetvar.com/ing/ing-35-kurusluk-mucadele
İş Bankası Puanları Yüklemiyor. Referans Olduk Hanı Nerede,"Türkiye İş Bankası müşterisiyim, Bankanın 01 eylül ve 31 Ekim 2022ARASI başlatmış olduğu ""Emekli Yakınlarınıza Referans Olun, 500 TL'ye Varan Pazarama ® MaxiPuan Kazanın! "" Kampanyası kapsamında, aşağıdaki linkte yer alan bütün koşulları sağladım.* Maximum uygulamadan referans kodu aldım
* 1 emekli ...",https://www.sikayetvar.com/is-bankasi/is-bankasi-puanlari-yuklemiyor-referans-olduk-hani-nerede
Kredi Kayıt Bürosu 35 Kuruşluk Mücadele!,"2020 yılda Migros'tan telefon almak için ING Bank'tan kredi çektim kredinin her taksitini ödedim. Ödemelerimi bitirdim, fakat 35 kuruş borç kalmış. Bunun için beni KKB'ye kadar götürmüşler ve bu olanlardan benim bugün haberim oldu. 35 kuruş için ne beni arayan var ne de başka bir şey. Bir insanın KK...",https://www.sikayetvar.com/kredi-kayit-burosu/kredi-kayit-burosu-35-kurusluk-mucadele
Kuryenet Banka Kartım 1 Haftadır Dağıtıma Çıkmadı,"Gönderilen banka kartımın 1 haftadır Yenikent Kuryenet tarafından dağıtma çıkmasının bekliyorum müşteri hizmetlerini aradığım zaman karşımda bir muhatap bulamıyorum 
Randevu oluşturuldu deniliyor ama hâlâ kartım elime ulaşmadı yetkililer tarafından kimseye ulaşılamıyor mağdur ediliyoruz burada",https://www.sikayetvar.com/kuryenet/kuryenet-banka-kartim-1-haftadir-dagitima-cikmadi
Halkbank Çalışan Personel Memnuniyetsizliği!,Böyle bir şey yok kıyamet gibi sıra var bir senet ödeyeceğim bir saat bekledim sadece bir kişi gişede diğer bireysel grubunda çalışanlar oje sürüyor biri simit yiyor biz de bekliyoruz böyle bir şey yok gidin içeride halledin işinizi biz orada beklerken bilerek yapar gibi böyle laubali bir banka yok ...,https://www.sikayetvar.com/halkbank/halkbank-calisan-personel-memnuniyetsizligi
Uğur Okulları Kıyafet Sistemi Bozuk,"Kızım için okul kıyafeti almıştım beden küçük geldiği için iade ettim.
13.09.22 tarihte kargoyla göndermiştim 50 gün oldu parası halen iade edilmedi neymiş efendim bankadan bankaya fark ediyormuş birkaç gün daha bekleyin diyerek oyalıyorlar bu nasıl bir sistem anlamadım.",https://www.sikayetvar.com/ugur-okullari/ugur-okullari-kiyafet-sistemi-bozuk
QNB Finansbank Kart Aidatı Yansıtma,6 yıldır QNB Finansbank kredi kartını kullanmaktayım. 6 yıldır ödemelerimi düzenli yapıyorum bir kere bile banka tarafından aranmadım tahsilat konusunda. Bu tutumuma karşılık her yıl düzenli olarak kart aidat ücreti kesip şikayetim sonrası bu talebi geri çekiyorsunuz. Şu anda bu yansıtmış olduğunuz ...,https://www.sikayetvar.com/qnb-finansbank/qnb-finansbank-kart-aidati-yansitma
ING Yıllık Üyelik Bedeli,"Yıllardır uçak biletlerimi aldığım, ayrıca kredi kartı olarak da kullandığım ve düzenli ödediğim kredi kartım için bankanızın benden 125 TL ""Yıllık Üyelik Bedeli""alması gerçekten çok üzücü. Her banka kedi kartı için belli bir harcama sözüne yıllık kart / üyelik bedellerinden vazgeçiyor. Pegasus kart...",https://www.sikayetvar.com/ing/ing-yillik-uyelik-bedeli-36
İş Bankası Şubelerinden Nakit Paranızı Çekemiyorsunuz Bıktırdılar,Ankara içinde saat 10 da çalışma saati içinde 11 adet İş Bankası şubesini aramama rağmen bir tanesi bile açılmadı. Şubelere gittiğimde hiçbirinde 100k üzeri nakit bulunmadığı için önceden ayırtmam gerektiğini söylüyorlar. Ama telefonlar açılmıyor şubeye gitsem para yok bankadaki paramızı kullanamıyo...,https://www.sikayetvar.com/is-bankasi/is-bankasi-subelerinden-nakit-paranizi-cekemiyorsunuz-biktirdilar
Kredi Kayıt Bürosu Borçlarımın Tamamını Ödediğim Halde Risk Raporumda Borcum Gözüküyor,Bütün kredi ve kredi borçlarımı kapatmama rağmen Findeks ve risk raporu sorguladığımda hala kredi ve kredi kartı borcum var gözüküyor bu yüzden dolayı bankalarda kredi ve kredi kartı sıkıntısı yaşıyorum bunun düzeltilmesini rica ediyorum teşekkürler.,https://www.sikayetvar.com/kredi-kayit-burosu/kredi-kayit-burosu-borclarimin-tamamini-odedigim-halde-risk-raporumda-borcum-gozukuyor
Payfix Yatırım İşlemim Gerçekleşmedi,Banka hesabımdan Payfix hesabıma para yatırdım işlem iptal etmek istiyorum. Destek hattına dekontu attım ama bir geri dönüş alamadım sadece işlem sırasına girdi dendi paramı dekonttaki ibana geri atılmasını istiyorum a***@gmail.com adresine kayıtlı Payfix hesabım.,https://www.sikayetvar.com/payfix/payfix-yatirim-islemim-gerceklesmedi
Ing Bankası Çalışanları İnsanları Yanıltıyorlar,Para transfer EFT havale SWİFT işlemlerinde ücret kesilmeyecek dediler banka personeli m** hanım ve y** hanım beni zarar uğrattı ne biçim banka yazıklar olsun çalışanlarına yağla balla yanıltıp bankaya getirtip bu şekilde işlem yaptılar beni mağdur ettiler. Hakkımı helal etmiyorum arabamla Konya'ya ...,https://www.sikayetvar.com/ing/ing-bankasi-calisanlari-insanlari-yaniltiyorlar
Trabzon Meydan ING Bank müşterilerine Saygısız,Trabzon Meydan ING Bank kadar müşterilerine saygısız bir banka görmedim. İşlem yapmak için sıra aldım. Gişede çalışanlar o kadar rahat bekleyen müşteriler hiç umurumda değil. Bir sürü insan gişede çalışanların yüzünden gerildi. Bir de tepki gösterince bu umursamazlığa tepki veriyorlar. Meydan gibi m...,https://www.sikayetvar.com/ing/trabzon-meydan-ing-bankmusterilerine-saygisiz
"Denizbank Belirsiz Kesintiler ,Tahsilatlar","Denizbank kadar kötü paracı bir banka görmedim. Hiçbir çalıştığım bankayla böyle sorun yaşamadım. Sürekli hesaptan kafalarına göre yok faiz tahsilatı, yok vergi tahsilatı adı altında, onayım dışında bir suru paramı yediler. Üstelik her ay asgari tutarların üstünde para yatırıp, işlem yaptığım halde ...",https://www.sikayetvar.com/denizbank/denizbank-belirsiz-kesintiler-tahsilatlar
Kredi Kayıt Bürosu Sicil Affından Yararlanmak İstiyorum!,Bireysel bankacılık ve sicil affı kanunu dahilinde 07.10.2022 de yürürlüğe giren kanun ile madde tarihli ve 5411 sayılı kanunun 1. Maddesi uyarınca karşılıksız çek ve protestolu senetler ile kredi ve kredi kartları borçlarına ilişkin kayıtların dikkate alınmaması hakkında kanuna aşağıdaki geçici mad...,https://www.sikayetvar.com/kredi-kayit-burosu/kredi-kayit-burosu-sicil-affindan-yararlanmak-istiyorum-79
Papara Hesabıma Fast Yoluyla Yaptığım Havale Düşmedi!,01.11.2022 tarihi 20:21 civarı Papara hesabıma banka havalesi ile para yatırma işlemi yaptığım halde hesabıma yüklenmedi. Mail yoluyla yazdım geri dönüş yapılmadı. Müşteri hizmetleri 20 dakikadır bağlanıyorum. İnanın mağduriyetten başka bir şey değil.,https://www.sikayetvar.com/papara/papara-hesabima-fast-yoluyla-yaptigimhavale-dusmedi
KKB Sicil Affı,"Sicil Geçmişi Düzeltilmesi! 
Geçmişe dönük bütün borçlarımı ödeyip kapattım şu an gecikmem yok ama kredi kayıt bürosunca puanım düşük ve sicilim bozuk olarak gözüküyor hala bunun kaldırılmasını talep ediyorum. 
Kredi Kayıt Bürosu Kredi Sicil Affından Yararlanmak İstiyorum. 
Bireysel bankacılık ve si...",https://www.sikayetvar.com/kredi-kayit-burosu/kkb-sicil-affi-149
"İş Bankası, Promosyon MaxiPuan","İş Bankası emekli getirene promosyon için 250 MaxiPuan yatıracağını söyledi. Promosyon ücreti yatmasına rağmen 250 MaxiPuan yatmadı. Söylenen adımları yapmama rağmen (mesaj vs.) hala bir yatan bir puan yok. Yardımcı olunmasını, Çözüm bulunmasını istiyorum.",https://www.sikayetvar.com/is-bankasi/is-bankasi-promosyon-maxipuan
Kredi Kayıt Bürosu İcra Borcumu Bankadan Kapattım 9 Ay Oldu KBB Yüzünden Kredi Alamıyorum,Bugün itibari ile ne borcum var ne de kredim ® var ne de kredi kartı kullanıyorum. Bunlar olmamasına rağmen 5 yıl bekleyip KKB kayıtlarını güncellemek çok kötü bir durum. Tekrar tekrar yazıyorum KKB kayıtlarının aşağıdaki yazıya istinaden güncellenmesi gerektiğini talep ediyorum. Tarafıma herhangi b...,https://www.sikayetvar.com/kredi-kayit-burosu/kredi-kayit-burosu-icra-borcumu-bankadan-kapattim-9-ay-oldu-kbb-yuzunden-kredi-alamiyorum
Findeks Kredi Notu Hesaplanmadı,Findeks kredi notu hesaplanmadı ibaresi mevcut. Hiçbir bankaya borcum olmadığı halde gecikmeli ürünüm olmadığı halde bankalardan ne kredi kullanabiliyorum ne de kredi kartı alabiliyorum. Bu yanlışlığın acilen düzeltilmesini talep ediyorum çevremde onlarca insan onlarca kredi kartı kullanıyor hala ye...,https://www.sikayetvar.com/findeks/findeks-kredi-notu-hesaplanmadi-5
Zurich Sigorta Kredi Kartım Güvende Poliçe İptal Ve İadesi!,01.11.2022 tarihinde ING bankasından ihtiyaç kredisi çektim. Krediyi çekebilmek içinde sigorta şartı olduğunu söylediler. Onayladım 26230498 numaralı ...,https://www.sikayetvar.com/zurich-sigorta/zurich-sigorta-kredi-kartim-guvende-police-iptal-ve-iadesi
Denizbank Kart Aidat Ücreti,Denizbank'ın her sene uyguladığı kart aidat ücretinin bir yenisi daha insanlara kartı verirken hiçbir şekilde aidat ücretini ödemeyeceksiniz diye yanıltıp sonra istediği miktarı kesen bir banka. Kart aidat ücretini geri yatırın yazıktır günahtır.,https://www.sikayetvar.com/denizbank/denizbank-kart-aidat-ucreti-252
Tarafbet Ödeme İşlemlerinde Gecikme,"Para çekim talebini 25-30 dakika diyorlar. Tam 1 saat oldu müşteri temsilcileri ise saçma açıklamalar yapıyor, banka güncellemesi yok yoğunluk böyle b...",https://www.sikayetvar.com/tarafbet/tarafbet-odeme-islemlerinde-gecikme
Agesa Hayat Ve Emeklilik Hayat Sigortası,Akbank mobil bankacılık aracılığıyla çekmiş olduğum kredi karşılığında hayat sigortası ücreti kesilmiştir. Poliçe numarası V93242** olan ve Agesa tara...,https://www.sikayetvar.com/agesa-hayat-ve-emeklilik/agesa-hayat-ve-emeklilik-hayat-sigortasi-1
AgeSA Hayat ve Emeklilik Hayat Sigortası Kredi Erken Kapama,Çekmiş olduğum 18000 TL 15 ay vadeli kredi iyi 12 ayında erken kapattım. Yapmış oldukları v8853963 numaralı Agesa hayat sigortası ile ilgili geri kala...,https://www.sikayetvar.com/agesa-hayat-ve-emeklilik/agesa-hayat-ve-emeklilik-hayat-sigortasi-kredi-erken-kapama
Papara Burs Bulma Kurumu,Türkiye burs bulma kurumundan kimlik fotoğrafı istediler önlü arkalı ve ikametgah fotoğrafı iznim olmadan ıslak imzam olmadan hakkımda hiçbir işlem ya...,https://www.sikayetvar.com/papara/papara-burs-bulma-kurumu
Hepsiburada Mobil Uygulama Hatası,Hepsiburada.com mobil uygulaması üzerinden bot siparişi oluşturdum. Daha sonra ödeme aşamasında ING Bank alışveriş kredisi başvurusunda bulundum. Banka tarafından alışverişe istinaden talep ettiğim kredi onaylandı. Ancak Hepsiburada sipariş bölümünde siparişim görünmüyor. Müşteri hizmetlerini aradığ...,https://www.sikayetvar.com/hepsiburada/hepsiburada-mobil-uygulama-hatasi
Kredi Kayıt Bürosu Sicil Affı İle Gelen Düzenlenme Talebi,"Bütün kredi ve kredi kartı borçlarımı tahsil harçları dahil 08.15.2022 tarihinde ödedim 08.08.2022 tarihinden itibaren sigortalı olarak çalışıyorum.

Bireysel bankacılık ve sicil affı kanunu dahilinde 07.10.2022 de yürürlüğe giren kanun ile madde tarihli ve 5411 sayılı kanunun 1. Maddesi uyarınca ka...",https://www.sikayetvar.com/kredi-kayit-burosu/kredi-kayit-burosu-sicil-affi-ile-gelen-duzenlenme-talebi-1
QNB Finansbank Ben Sizin Müşteriniz Değilim,Sokakta Kredi kartı banka kartı dağıtıyorsunuz dağıtan arkadaş size bunu bir şekilde kullanmazsanız bir şey olmaz iptal olur diye diye pazarlıyor. Ben müşteriniz değilim herhangi bir kartınızı kullanmıyorum. Yıllardır mesaj atıyorsunuz ParaPuan veriyorsunuz kullanılmayan karta. Bunlar QNB Finansbank...,https://www.sikayetvar.com/qnb-finansbank/qnb-finansbank-ben-sizin-musteriniz-degilim
Tosla Hesap Doğrulama Sorunu,"Nasıl bir mantık? 18 Yaş altıyım hesabımı doğrulamak için banka hesabından para atmam gerekiyor? Banka hesabım mı var atayım bir de 13 yaş üstü için geçerliymiş! Teşekkür ederiz çok mantıklı işliyorsunuz para gönderemiyorum başkalarına, kampanyalardan faydalanamıyorum bir de limit yetmiyor. Hesabımı...",https://www.sikayetvar.com/tosla/tosla-hesap-dogrulama-sorunu
İş Bankası Esnaf Muafiyet İle İlk Ticari  hesabı Açmıyor,"Esnaf vergi muafiyet belgesi aldım, vergi dairesi müdürü bile bu belgeyle ticari hesap açabilirsin dediği halde İş Bankası şubesinden hesap açamıyorum. Gerçekten ben ne ilk kişiyim ne de son. İş yerinden zar zor izin alıp bankaya gidiyorum. Bunun karşılığında ise biz bu belge ile size hesap açamayız...",https://www.sikayetvar.com/is-bankasi/is-bankasi-esnaf-muafiyet-ile-ilk-ticarihesabi-acmiyor
Qnb Finansbank Hizmette Yavaşlık Şikayeti,Böyle bir banka şubesi görmedim. Hizmet o kadar yavaş ki tam 1 saattir 4 sıranın gelmesini bekliyorum. Konya Zafer sanayi şubesinde gişe görevlilerine sormama rağmen özellikle sarı saçlı kadın üslubunda saygısız tavırla sıranız gelir bekleyin dedi 4 kişilik sıra 1 saattir bir türlü gelmedi. Müşteri ...,https://www.sikayetvar.com/qnb-finansbank/qnb-finansbank-hizmette-yavaslik-sikayeti
İş Bankası Kredi Yapılandırma Yapmak İstiyorum,Bireysel bankacılık ve sicil affı kanunu dahilinde 07.10.2022 de yürürlüğe giren kanun ile madde tarihli ve 5411 sayılı kanunun 1. Maddesi uyarınca karşılıksız çek ve protestolu senetler ile kredi ve kredi kartları borçlarına ilişkin kayıtların dikkate alınmaması hakkında kanuna aşağıdaki geçici mad...,https://www.sikayetvar.com/is-bankasi/is-bankasi-kredi-yapilandirma-yapmak-istiyorum
Papara Paramı Tekrar Banka Hesabıma Çekemiyorum,Ben 01.11.2022 tarihinde hesabıma para yatırdım Papara hesabına bugün tekrar çekmek istiyorum ama bir türlü çekemiyorum tüm para çekme aşamalarını geçiyorum en sona gelince tekrar anasayfa atıyor bu nasıl bir şey anlamadım yetkililer ne yardım edecekse etsin Ben askeri personel olduğumdan fazla uğra...,https://www.sikayetvar.com/papara/papara-parami-tekrar-banka-hesabima-cekemiyorum
Halkbank Kimlik Taratırken Teknik Hata,Mobil bankacılıktan müşteri olma adımlarını tamamlamaya çalışıyorum fakat kimliğimi taradıktan sonra teknik hata veriyor her seferinde. Aylardır aynı sorun var. Mobil uygulamalar şubeye gitmeyelim diye yapılmıyor mu? Neden koskoca bir banka ufacık bir problemi çözmeme ihmalkarlığını gösteriyor da be...,https://www.sikayetvar.com/halkbank/halkbank-kimlik-taratirken-teknik-hata
İş Bankası Kredi Yapılandırmak İstiyorum,İş Bankası da kullandım kredimi yapılandırmak istiyorum müşteri hizmetleri ve şubeye gidiyorum yardımcı olmuyorlar kaç gündür uğraşıyorum bana yardım eden yok. Başka bankalar hemen yardımcı oluyor ama İş Bankası müşterilerle ilgilenmiyor milleti zor durumda bırakıyorsunuz.,https://www.sikayetvar.com/is-bankasi/is-bankasi-kredi-yapilandirmak-istiyorum-1
VakıfBank Kredi Kartıma İşlem İptal İadesini Yapmıyor,22 Ekimde VakıfBank kredi kartımla Dolap uygulamasından alışveriş yaptım. 23 Ekimde satıcı satışı iptal etti. 10 gün geçmesine rağmen banka tarafından satışın ücret iadesi yapılmadı. Dolap müşteri hizmetleri referans ve provizyon kodu iletti bankaya bildirildiği halde banka tarafından ödeme gerçekle...,https://www.sikayetvar.com/vakifbank/vakifbank-kredi-kartima-islem-iptal-iadesini-yapmiyor
Kayseri / Melikgazi Denizbank Kartım Elime Ulaşmıyor.,Banka kartım iki haftadır elime ulaşmadı. Adreste olduğum halde adreste bulunamadı diye not düşüyorlar hiçbir iletişim numaraları yok. Kafalarına göre adres yanlış diye not düşüyorlar. Mağdur oluyorum. Mağduriyetimin en kısa zamanda giderilmesini istiyorum,https://www.sikayetvar.com/denizbank/kayseri-melikgazi-denizbank-kartim-elime-ulasmiyor
Tosla - Laptop Alış-Satış,"01.11.2022 tarihinde Facebook'ta a***k***isimli profilde Casper excalibur marka laptop satıldığını gördüm. Kendisine 0 534 *** 50 94 numaralı WhatsApp üzerinden mesaj atarak laptopu almak istediğimi söyledim ve 5000 Tl'de anlaştık. Fiyatı güncellenmiş ürün linkini attı, linkte bulunan ""mixilaner.com...",https://www.sikayetvar.com/tosla/tosla-laptop-alis-satis
Findeks Sürekli Puanımı Düşürüyor,Findeks sürekli ödemelerim düzenli olmasına rağmen yükselteceği yerde puanımı düşürüyor. Çalışıyorum çalıştığım halde bankalardan kredi alamıyorum. Kredi notum düzelsin diye uğraşıyorum yükseleceğine düşüyor mağdur durumdayım şu an sizin yüzünüzden. Acil çözüm istiyorum.,https://www.sikayetvar.com/findeks/findeks-surekli-puanimi-dusuruyor-4
İş Bankası Kredi Kartı Teslim Süresi!,"4543 xxxx xxxx 1040 sayılı İş Bankası kredi kartımı kartımı 18.10.2022 tarihinde kaybettim. 02.11.2022 itibariyle kredi kartımdan daha hiçbir şekilde haber yok ilgilenen yok ne zaman ele geçeceğini söyleyen de yok sarı çizmeli mehmet ağa misali, 1 müşteri temsilcisi kartınız kuryeye verildi diyor, d...",https://www.sikayetvar.com/is-bankasi/is-bankasi-kredi-karti-teslim-suresi-3
Findeks Kredi Kayıt Bürosu Sicil Affını Uygula,07.10.2022'de yürürlüğe giren kanun ile madde tarihli ve 5411 sayılı kanunun 1. Maddesi uyarınca karşılıksız çek ve protestolu senetler ile kredi ve kredi kartları borçlarına ilişkin kayıtların dikkate alınmaması hakkında kanuna aşağıdaki geçici madde ilave edilmiştir. “geçici madde 3 - (1) anapara ...,https://www.sikayetvar.com/findeks/findeks-kredi-kayit-burosu-sicil-affini-uygula
Elekse Ödeme Kuruluşu Kredi Kartından Bilgim Dışında Para Çekme,ELEKSE1/PEPLE.com.tr isimli şirket tarafından 17/10/2022'de araç sigortası yenileme işlemi için arandım. Buradan arayan müşteri hizmetleri yetkilisi araç bilgilerimi aldı. Yenileme işlemi yaptım dedi ve kredi kartı bilgilerimi istedi. İşlem yaptığını bildirdi ve kredi kartımdan 1881*2=3762 TL para ç...,https://www.sikayetvar.com/elekse-odeme-kurulusu/elekse-odeme-kurulusu-kredi-kartindan-bilgim-disinda-para-cekme
İş Bankası Bilgi Dışı İşlem,3 Ekim 2022 tarihinde İş Bankası banka hesabımdan herhangi bir doğrulama veya onay kodu gelmeden bilgim dışında 200 TL para çekildi. Her alışverişimi güvenli ve 3D Secure sistemine sahip sitelerden yapmama rağmen bankayla görüştüm harcama itirazı oluşturuldu ancak banka çalışanları bile 4-5 ay boyun...,https://www.sikayetvar.com/is-bankasi/is-bankasi-bilgi-disi-islem-1
Enpara Kredi Kartı Kullandırmıyor,Dünyanın en kötü dijital bankası artık gözümde V** kredi kartı İ* B*** kredi kartı bu zamana kadar kaç kere yapılandırdım hiçbir limit kısıtlaması almadım bu zamana kadar yapılandırma yaptığım Enpara kartının bütün borcunu erkenden ödeyip tek seferde kapama rağmen kartımı komple limitini kapatıp yan...,https://www.sikayetvar.com/enpara/enpara-kredi-karti-kullandirmiyor-1
"İş Bankası Müşteriyi Düşünmüyor, Çalışanları Vurdumduymaz","İş Bankası çalışanları vurdumduymaz, duyarsız. Tatilinnabzı adında bir seyahat şirketinden tatil organizasyonu satın aldık yanıltıldık tatil yapılmadı. İş Bankası'na harcama itirazında bulundum bana bir ay ile 3 ay arasında cevap vereceklerini söylediler. Ben ödememi kredi kartından saniyeler süresi...",https://www.sikayetvar.com/is-bankasi/is-bankasi-musteriyi-dusunmuyor-calisanlari-vurdumduymaz
Kredi Kayıt Bürosu Geçmişe Dönük Sicil Affı!,Bireysel bankacılık ve sicil affı kanunu dahilinde 07.10.2022 de yürürlüğe giren kanun ile madde tarihli ve 5411 sayılı kanunun 1. Maddesi uyarınca karşılıksız çek ve protestolu senetler ile kredi ve kredi kartları borçlarına ilişkin kayıtların dikkate alınmaması hakkında kanuna aşağıdaki geçici mad...,https://www.sikayetvar.com/kredi-kayit-burosu/kredi-kayit-burosu-gecmise-donuk-sicil-affi
Findeks Kredi Notu,Findeks sürekli ödemelerim düzenli olmasına rağmen yükselteceği yerde puanımı düşürüyor. Çalışıyorum çalıştığım halde bankalardan kredi alamıyorum. Kredi notum düzelsin diye uğraşıyorum yükseleceğine düşüyor mağdur durumdayım şu an sizin yüzünüzden. Acil çözüm istiyorum.,https://www.sikayetvar.com/findeks/findeks-kredi-notu-29
İş Bankası Bilgim Harici İkinci Hesaptan Paramı Çekiyor,İş Bankası Natoyolu şubesinden olan hesabımdan ev kredim vardı iki taksit sonradan ödüyorsun ve banka her ay bunun ile ihbar name gönderiyor ve ücretlendiriyor yine İş Bankası başkent şubesinden maaş hesabı açtım maaş yatınca hem krediyi hem de noter ücretlerini talimatın olmadan hesabımdan çektiler...,https://www.sikayetvar.com/is-bankasi/is-bankasi-bilgim-harici-ikinci-hesaptan-parami-cekiyor
,,
Fibabanka Tek Kullanımlık Şifre,Merhaba fiba şifresini unuttu babam anahtar kelimeyi de unutmuş çipli kimlik kartı yok arıyoruz müşteri hizmetlerini hiçbir şeye yardımcı olmuyorlar adam bankaya gelmiyor inat etti kredimizi ödeyemiyoruz acil yardım edin lütfen acil bize kızıyor teşekkürler,https://www.sikayetvar.com/fibabanka/fibabanka-tek-kullanimlik-sifre
Findeks Banka Sicil Affı,Bireysel bankacılık ve sicil affı kanunu dahilinde 07.10.2022'de yürürlüğe giren kanun ile madde tarihli ve 5411 sayılı kanunun 1. Maddesi uyarınca karşılıksız çek ve protestolu senetler ile kredi ve kredi kartları borçlarına ilişkin kayıtların dikkate alınmaması hakkında kanuna aşağıdaki geçici mad...,https://www.sikayetvar.com/findeks/findeks-banka-sicil-affi-2
VakıfBank Mesaj Atıp Buna Rağmen Yapılandırma Yapmıyor,"VakıfBank kredi kartı borç ödemesi geciktiği için yapılandırma ile ilgili bir SMS gönderdi ve bankaya gittim. Yapılandırmak için ancak bana orada, çalışmıyorsan yapılandıramazsın diye sert bir tabirle cevap verdiler ve bugünde arayıp dosyanız avukata gidiyor. Bugün ödeme yapacak mısınız diye söyledi...",https://www.sikayetvar.com/vakifbank/vakifbank-mesaj-atip-buna-ragmen-yapilandirma-yapmiyor
Agesa Hayat Ve Emeklilik İptal Talebi!,Akbank mobil bankacılık aracılığıyla çekmiş olduğum kredi karşılığında hayat sigortası ücreti kesilmiştir. Poliçe numarası V93**314-0 / V93**307-0 ola...,https://www.sikayetvar.com/agesa-hayat-ve-emeklilik/agesa-hayat-ve-emeklilik-iptal-talebi
İş Bankası Kredi Kartı Aidat Şikayet,"4543 xxxxxxx 6180 ile biten kredi kartıma Ekim ayında 141 TL tutarında bir aidat yansımıştır...
“Tüketici kanunu 28 Mayıs 2014 31. Madde 3. Fıkra: kart çıkaran kuruluşlar, tüketicilere yıllık üyelik aidatı ve benzeri isim altında ücret tahsil etmedikleri bir kredi kartı türü sunmak zorundadır. 4822 ...",https://www.sikayetvar.com/is-bankasi/is-bankasi-kredi-karti-aidat-sikayet-1
Kredi Kayıt Bürosu Sicil Afı İstiyorum,Bireysel bankacılık ve sicil affı kanunu dahilinde 07.10.2022 de yürürlüğe giren kanun ile madde tarihli ve 5411 sayılı kanunun 1. Maddesi uyarınca karşılıksız çek ve protestolu senetler ile kredi ve kredi kartları borçlarına ilişkin kayıtların dikkate alınmaması hakkında kanuna aşağıdaki geçici mad...,https://www.sikayetvar.com/kredi-kayit-burosu/kredi-kayit-burosu-sicil-afi-istiyorum-1
Papara'dan Adıma Hesap Açıldı,Evde paketleme iş başvurusunda bulundum. 0531*******19 no lu WhatsApp ®görüşmesinde konuştum. Başvuru sayfasında benden t. C. Kimlik numaram ad soyad IBAN no ve telefon numaram gibi kişisel bilgilerim istendi. Ben de verdim. Ve adıma Papara hesabı açıldı. Bu tarihten itibaren benim ıslak imzam ve aç...,https://www.sikayetvar.com/papara/paparadan-adima-hesap-acildi
PayFix Para Hesabıma Geçmedi,TEB Bankası'ndan yolladığım para hala Payfix hesabıma geçmedi lütfen yetkililerin yardim etmesini istiyorum Payfix numaram 1226906937 saat 00.24 civarında yolladım size dekontu yolluyorum lütfen bir an önce çözümlerseniz çok mutlu olurum şimdiden teşekkürler,https://www.sikayetvar.com/payfix/payfix-para-hesabima-gecmedi-157
Papara Yağmur Burs Bulma Kurumu,Türkiye burs bulma kurumundan kimlik fotoğrafı istediler önlü arkalı ve ikametgah fotoğrafı iznim olmadan ıslak imzam olmadan hakkımda hiçbir işlem ya...,https://www.sikayetvar.com/papara/papara-yagmur-burs-bulma-kurumu
VakıfBank Banka İpoteğinin Kaldırılması,İpotekli olarak Ankara da satın aldığım evin üzerinde bulunan ipoteği kaldırmak için banka avukatınızla görüşüp ödemeyi yaptık. 2 gün sonra şubeye fek yazısı almak için başvuruda bulunduk ve harcını da yatırdık. 40 gün geçmesine rağmen tapuda ipotek görünmekte İstanbul da ikamet ettiğim için Ankara ...,https://www.sikayetvar.com/vakifbank/vakifbank-banka-ipoteginin-kaldirilmasi
Is Bankası Ve Saçma Basım Hatası Bahanesi,İş Bankası basım hatası bahanesi üretip kart göndermiyor 1 ay önce aldım kartı nerede basılıyor bu kart yani sanki bana limitsiz karttan bu kadar ulaşımı zor bir kart göndereceksiniz 50 kere arıyoruz zaman vermiyorsunuz. Bddk'ya şikayet edeceğim sizi hem kart al diye yalvarıyorsunuz hem de göndermiy...,https://www.sikayetvar.com/is-bankasi/is-bankasi-ve-sacma-basim-hatasi-bahanesi
Kredi Kayıt Bürosu Sicil Affı Ve Kredi Kayıt Bürosundan Geçmişe Ait Sicilimin Silinmesi,07.10.2022 de yürürlüğe giren kanun ile madde tarihli ve 5411 sayılı kanunun 1. Maddesi uyarınca karşılıksız çek ve protestolu senetler ile kredi ve kredi kartları borçlarına ilişkin kayıtların dikkate alınmaması hakkında kanuna aşağıdaki geçici madde ilave edilmiştir. “geçici madde 3 - (1) anapara ...,https://www.sikayetvar.com/kredi-kayit-burosu/kredi-kayit-burosu-sicil-affi-ve-kredi-kayit-burosundan-gecmise-ait-sicilimin-silinmesi
VakıfBank Bankadan Ev İhale Yoluyla Ev Alma,VakıfBank tan ihale yoluyla ev almaya kalkıştım gittim görüştüm ve bana 3+1 ev olduğunu söylediler. Benimde kafama yattı peşinatını yatırıp ihaleye katıldım. İhaleyi kazandım kazandıktan sonra satin almadan önce gidip evi göreyim dedim gittim gördüm ve karşıma ev değil de otel çıktı bunu bankaya söy...,https://www.sikayetvar.com/vakifbank/vakifbank-bankadan-ev-ihale-yoluyla-ev-alma
VakıfBank'ın Uyguladığı Hak Mahrumiyeti,VakıfBank'tan 7810983304 vergi numarası ile ticari hesap açtım 3 aylık şirketim var. Bankacı dedi size limit tanımlayacağım ama eşinizin e haczi var onları kaldırmanız gerekiyor gittim 137 bin e-haciz verdim kaldırdım o da borçları beklesem 6 ay sonra dava var borçlar düşecek ve o e-haciz sadec3 Vak...,https://www.sikayetvar.com/vakifbank/vakifbankin-uyguladigi-hak-mahrumiyeti
QNB Finansbank Sim Kart Bloke Kaldırma,"İnsanların sizi neden daha az tercih ettiğini bugün anladım, numaramı taşıdığım için bütün banka işlemlerim tarafında sim kartım blokeye düştü, diğer tüm bankalardaki blokeyi telefonla ya da cep uygulaması üzerinden halledebilirken sizden kime ulaşsam şubeye ya da ATM'ye yönlendiriyor, belki hastayı...",https://www.sikayetvar.com/qnb-finansbank/qnb-finansbank-sim-kart-bloke-kaldirma-9
"Hepsiburada Yetersiz Bakiye, Başarısız İşlem","Hepsiburada 260754753 sipariş numaralı alışverişi sonucunda iade ettiğim ürün Black Steel 2 iplik, kemer ve Kol Manşet Ribanalı, uzun Kol Düz sweet tutar 119,99 TL cüzdanıma iade oldu, cüzdanımdan kartıma aktardım para kayboldu, erdem bey adlı yetkili bana dekont atıyor iade yapılmış diye ama 2 sefe...",https://www.sikayetvar.com/hepsiburada/hepsiburada-yetersiz-bakiye-basarisiz-islem
Vakıfbank Banka Promosyon Güncellemesi,VakıfBank emekli maaşı banka promosyonları bankaya gitmeden güncelleme ya da iptal edilemiyor. Ne internet bankacılığı ne de ATM den hiçbir şekilde yapılamıyor illa bankaya gidin oradan yapın deniliyor böyle saçma bir şey görmedim Ziraat bankasıda devlet bankası ama internet bankacılığı ile kolayca ...,https://www.sikayetvar.com/vakifbank/vakifbank-banka-promosyon-guncellemesi
Halkbank Vadesiz Tl Hesap İptali,TOKİ başvurusunda bulundum Başvurumu şartlar uymadığı için iptal ettim ve benim iznimin dışında Halkbank tarafından vadesiz hesap açıldı. Bu hesabın kapatılması için bankaya gittiğimde blokeli olduğunu silemediklerini belirttiler. Ben bu hesabın acilen kapatılmasını istiyorum.,https://www.sikayetvar.com/halkbank/halkbank-vadesiz-tl-hesap-iptali
VakıfBank Geri Kalmış Yetişememiş Zamana,Banka yetersiz hizmet yapmak istediğim işlemi yapamıyorum oysaki bir çok banka da yapılabiliyor. Vakıf bankası bu konu da kendini geliştirememiş ve geri kalmış çalıştığım kurumdan ötürü özeti emri vaki olarak bu bankayı kullanıyorum ve mağdur oldum. Topu topu 1.5 sene önceki 7 ay hesap hareketlerine...,https://www.sikayetvar.com/vakifbank/vakifbank-geri-kalmis-yetisememis-zamana
İş Bankası Mobil Bankacılık Giriş Yapamıyorum,İş Bankası mobil bankacılığa giremiyorum. Sabah girebiliyordum öğlenden sonra mobil bankacılık talimatınız bulunmadığından bankacılık işlemlerinizi gerçekleştiremiyorsunuz diyor ne alaka kredi ödeyeceğim giriş yapamıyorum. Ödeyim İş Bankası ne zaman düzelticeksin durumu,https://www.sikayetvar.com/is-bankasi/is-bankasi-mobil-bankacilik-giris-yapamiyorum-3
Findeks KKB Ve Kredi Kartı Sicil Affı,Bireysel bankacılık ve sicil affı kanunu dahilinde 07.10.2022 de yürürlüğe giren kanun ile madde tarihli ve 5411 sayılı kanunun 1. Maddesi uyarınca karşılıksız çek ve protestolu senetler ile kredi ve kredi kartları borçlarına ilişkin kayıtların dikkate alınmaması hakkında kanuna aşağıdaki geçici mad...,https://www.sikayetvar.com/findeks/findeks-kkb-ve-kredi-karti-sicil-affi
Bilgim Dışında Exxen Bankadan Para Çekti,Exxen 'den bilgim dışında para çekildi. Müşteri hizmetleri telefonda geri ödeyeceğiz deyip 1 hafta sonra ödemedi. Şimdi aradığımda da 16 dakika süre b...,https://www.sikayetvar.com/exxen/bilgim-disinda-exxen-bankadan-para-cekti
Anadolu Hayat Emeklilik Sigorta Paramı Alamıyorum!,"05.04.2022 tarihinde İş Bankası'ndan çektiğim krediyle beraber şahsıma imza atılan 737121693765 poliçe numaralı Anadolu Hayat ve Emeklilik'e ait sigorta poliçesinin iptal edilip kesilen tutarın tekrar tarafıma iletilmesi için bankaya yazdım, o da şirkete topu attı. Şimdi arıyorum ne ilgilenen var ne...",https://www.sikayetvar.com/anadolu-hayat-emeklilik/anadolu-hayat-emeklilik-sigorta-parami-alamiyorum
Papara Paramı İade Etmedi,"Papara hesabıma ATM den banka kartımla 800 TL yatırdım. 2 dakika sonra mesaj geldi. Nakit yatırma limitini astin. 800,00 TL tutarındaki iaden için kendine ait Papara no ve IBAN bilgini d*****@papara.com'a iletmeni rica ederiz. Bu mesajdan sonra mail attım maile dönmediler müşteri hizmetlerini aradım...",https://www.sikayetvar.com/papara/papara-parami-iade-etmedi-26
. Findeks Geciken Güncelleme,Findeks 10.25.2022 tarihinden bu yana herhangi bir puan güncellemesi ve borç güncellemesi yapmadı. Bu durumu mail olarak da ilettim kendilerine. Banka ile ilgili bir durum olduğunu düşünmüyorum çünkü bahsettiğim kredi ürününü her kullandığımda en kötü 2 günde güncelleme yapılıyordu.,https://www.sikayetvar.com/findeks/-findeks-geciken-guncelleme
Bets10na Para Yatırdım Banka Hesabımdan Para Çekildi Ama Yatmadı,01.11.2022 tarihinde sabah saat 07.43 te kolay havale yöntemi ile 500 TL yatırım yaptım. Para banka hesabımdan çekildi ama bets10 hesabına geçmedi. Canlı desteğe bağlandım mail at dediler. Mail attım benden dekont ve hesap hareketlerini istediler onları da attım. Sonra ATM Bilgilerini istediler onu ...,https://www.sikayetvar.com/bets10/bets10na-para-yatirdim-banka-hesabimdan-para-cekildi-ama-yatmadi
Exxen Hesaptan Habersiz Para Çekilmesi,"Exxen 3 ay 1 Tl promosyonundan faydalandım, sonra unuttum gitti. 1,5 2 aydır girmiyordum. Bugün bankadan mesaj geldi, "" **93 ile biten World Eko kartınız ile Exxen Beşiktaş firmasından 01.11.2022'de saat 20:24'de 54,90 TL harcama yapılmıştır."" Diye ne alaka futbolla alakam bile yoktur, aynı saatlerd...",https://www.sikayetvar.com/exxen/exxen-hesaptan-habersiz-para-cekilmesi
Denizbank Borç Bildirimi Üretici Kart,Yıllardan beri Denizbank müşterisiyim ödemem de yıllardır herhangi bir gecikme yoktur. Üretici kartımın ödeme tarihinde banka tarafından herhangi bir bildirim gelmediğinden ayrıca banka hesabımda nakit bulunmasına rağmen ödeme hesaptan kesilmedi bu yüzden gecikmeye uğrayan borç faizlendirildi bu bor...,https://www.sikayetvar.com/denizbank/denizbank-borc-bildirimi-uretici-kart
Enpara Hesabıma Giriş Yapamıyorum,"Enpara, mobil bankacılık üzerinden giriş yapmaya çalışıyorum ama olmuyor. Çözüm merkezimizden detaylı bilgi alabilirsiniz diyor ama detaylı bilgi vermiyorlar. Güvenlik birimimiz tarafından öncelemeye alınmıştır diyor en kısa zamanda size dönüş yapacağız diyorlar. Ama henüz bir gelişme yok. Bu sıkınt...",https://www.sikayetvar.com/enpara/enpara-hesabima-giris-yapamiyorum-5
İş Bankası Kredi Kartı Aidatı,"Sahibi olduğum 6979 ile biten İş Bankası Maximiles kredi kartıma 225 TL kredi kartı yıllık ücreti ve 11,25 TL kredi kartı yıllık ücreti BSMV'si adı altında toplam 236,25 TL borçlandırma yapılmıştır. Aidat ücretinin aşağıda belirtilen kanun hükümleri gereği ve ekstra hiçbir şarta bağlanmaksızın iptal...",https://www.sikayetvar.com/is-bankasi/is-bankasi-kredi-karti-aidati-1374
Halkbank İle İlgili Promosyon Hakkında Şikayetim,Kamu çalışanıyım promosyon sözleşmesini iptal etmek istiyorum aksi takdirde banka hakkında yasal işlem için mahkemeye müracaat edeceğim promosyon güncellemesini günümüz şartlarına göre tekrar güncellenmesi gerekli bilginize. Bankacılık kanunu açık...,https://www.sikayetvar.com/halkbank/halkbank-ile-ilgili-promosyon-hakkinda-sikayetim
Kuryenet Gönderi Teslimatının Teslim Edilememesi,"01.11.2021 tarihinde dağıtıma çıkarılan banka kartı evde olunmasına rağmen, gönderi takibinde teslim edilemedi yazmakta. 
Evdekilere sorduğumda kimsenin uğramadığını, zilin bile çalmadığını belirtmekteler.
Belirtilen adrese uğranılmadan gönderi nasıl teslim edilemedi yazılmakta?",https://www.sikayetvar.com/kuryenet/kuryenet-gonderi-teslimatinin-teslim-edilememesi
Watsons Siparişim Üç Gündür Kargolanmıyor,Watsons onlinedan aldığım sipariş önce oluşturuldu yazıyordu. Fakat şu an işlem sürüyor yazıyor. Banka hesabımdan parayı çekti ama siparişimde hala işlem sürüyor yazıyor. Üç gündür kargoya verilmedi. Haftaya kadar elimde olması lazım yardımcı olur musunuz lütfen?,https://www.sikayetvar.com/watsons/watsons-siparisim-uc-gundur-kargolanmiyor
KKB Ve Sicil Affı,Bireysel bankacılık ve sicil affı kanunu dahilinde 07.10.2022 de yürürlüğe giren kanun ile madde tarihli ve 5411 sayılı kanunun 1. Maddesi uyarınca karşılıksız çek ve protestolu senetler ile kredi ve kredi kartları borçlarına ilişkin kayıtların dikkate alınmaması hakkında kanuna aşağıdaki geçici mad...,https://www.sikayetvar.com/kredi-kayit-burosu/kkb-ve-sicil-affi-1
Halkbank Müşteri Hizmetleri Sorun Çözmez,Halkbank müşteri hizmetlerine bağlanıyorsun ancak minimum 30 dakika bağlandıktan sonra bende hat yok sizi aktarıyorum en az bir 30 dakika daha ve gününüz problemi aşamadığınız şekilde son buluyor. İnsanın psikolojisini bozan banka.,https://www.sikayetvar.com/halkbank/halkbank-musteri-hizmetleri-sorun-cozmez
Kredi Kayıt Bürosu Findeks Kredi Sicilimin Düzeltilmesi,Bireysel bankacılık ve sicil affı kanunu dahilinde 07.10.2022 de yürürlüğe giren kanun ile madde tarihli ve 5411 sayılı kanunun 1. Maddesi uyarınca karşılıksız çek ve protestolu senetler ile kredi ve kredi kartları borçlarına ilişkin kayıtların dikkate alınmaması hakkında kanuna aşağıdaki geçici mad...,https://www.sikayetvar.com/kredi-kayit-burosu/kredi-kayit-burosu-findeks-kredi-sicilimin-duzeltilmesi
Paycell Bakiye Sıkıntısı Yaşıyorum,Paycell'den para çektim banka hesabıma aktarıldı gözüküyor ama ne banka hesabımda para var ne Paycell hesabımda üstelik faturamada yansıtıldı ödemeler...,https://www.sikayetvar.com/paycell/paycell-bakiye-sikintisi-yasiyorum
Halkbank İhtiyaç Kredisi Sorunu,Halkbank'ndan 50000 TL kredi başvurusu yaptım onaylandı diye mesaj geldi. Fakat banka şubesine gittiğimde kullandırım esnasında beklemede diye hata veriyor. Onaylandı diyor fakat değerlendirmede diyor. Bir an önce çözülmesini bekliyorum. Halkbank beni duysun.,https://www.sikayetvar.com/halkbank/halkbank-ihtiyac-kredisi-sorunu-5
,,
Masterpass Bakiye Yükleme Hatası,"İstanbul Kartıma online işlemlerden bakiye yüklemek istiyorum fakat “Kart iş yerine Bağlı Değil” uyarısı alıyorum. Bu hatanın banka ile ilgili değil, ...",https://www.sikayetvar.com/masterpass/masterpass-bakiye-yukleme-hatasi
Halkbank Tüketici Kredisi Kesintileri,"01.11.2022 tarihinde Halkbank Manisa Akhisar şubesinden tüketici kredisi olarak 100000 TL kredi kullandım. Banka yatırdığı kredi üzerinden 5 farklı kesinti oluşturmuş. Bu kesintiler: poliçe sigorta prim tahsilatı 237 TL, hesaplı tarifeler paket satışı 1260 TL, sigorta prim tahsilatı 1259,04 TL, kred...",https://www.sikayetvar.com/halkbank/halkbank-tuketici-kredisi-kesintileri
PayFix Hiçbir Yasal Sorumluluk Almıyorum,"01.10.2022 tarihinde danışmanlık sekreterlik işi için başvurdum. Kent danışman adı altında WhatsApp'tan iletişime geçtim. İsim, soy isim, IBAN ve kimliğimin bilgilerini verdim. Sonrasında internetten araştırdım ve bu konuyla ilgili çok yanıltma olduğu için konu üzerine vermiş olduğum, bilgileri kull...",https://www.sikayetvar.com/payfix/payfix-hicbir-yasal-sorumluluk-almiyorum
QNB Finansbank Çalışanlarının Saygısız Yaklaşımları,"Bugün Adana Gazipaşa şub. QNB Finansbank'a gittim gittiğimde 3 banka çalışanı tartışıyorlardı, içeri müşteri girdiği halde yüksek sesle konuşuyorlardı bankada hiç kimse yoktu benden başka, 1 çalışan sinirli bir şekilde lütfedip benimle ilgilenme tenezzülünde bulundu, promosyon ile ilgili bir soru so...",https://www.sikayetvar.com/qnb-finansbank/qnb-finansbank-calisanlarinin-saygisiz-yaklasimlari
Kredi Kayıt Bürosu Kredi Notu Düzelmesi,Bütün borcumu ödedim ve 6 yıl oluyor puanım düşük ve otomatik red geliyor yardımcı olursanız sevinirim 07.10.2022 de yürürlüğe giren kanun ile madde tarihli ve 5411 sayılı kanunun 1. Maddesi uyarınca karşılıksız çek ve protestolu senetler ile kredi ve kredi kartları borçlarına ilişkin kayıtların dik...,https://www.sikayetvar.com/kredi-kayit-burosu/kredi-kayit-burosu-kredi-notu-duzelmesi
Papara Para Çekemiyorum Ve Para Gönderemiyorum,"Papara hesabımdan para göndermek istiyorum fakat ekranda ""hesap güvenliğiniz için şu anda işleminizi gerçekleştiremedik"" hatası alıyorum ve para çekmek istediğimde ise bankanız bu işlemi onaylamadı diyor lütfen yardımcı olun. Yatırırken bir sorun yaşamıyorum ama çekerken yaşıyorum",https://www.sikayetvar.com/papara/papara-para-cekemiyorum-ve-para-gonderemiyorum
Denizbank Ekstresi Ödenmiş Kredi Kartına Gecikme Faizi İşletiliyor,Kredi kartı borcum olmamasına rağmen gecikmiş borcum görünüyor ve günlük gecikme faizi işletiliyor. Kredi sicilim bankanın sistemindeki hatadan dolayı olumsuz duruma düşürüldü. Bu durumun derhal düzeltilerek kredi puanımı etkileyen bu hatanın giderilmesini ve sicilimdeki haksız gecikme ibaresinin ka...,https://www.sikayetvar.com/denizbank/denizbank-ekstresi-odenmis-kredi-kartina-gecikme-faizi-isletiliyor
Enpara Şikayet Para Transferi,Gece yarısı çalışmaları olmadığı için para transferi iptal yapamadılar ve beni zor duruma soktular. 17.750 zararım varım incelemeye alındı fakat ben gönderim yapıldığı an itibaren kayıp çalıntı dan görüşme yaptım bloke konulmasını istedim ve benim kine bloke koyuldu karşı tarafa koyulup konuşmadığın...,https://www.sikayetvar.com/enpara/enpara-sikayet-para-transferi
Asis Elektronik Kart Yükleme Sorunu,Asis akıllı bilet uygulamasından 9059430a***0000 numarasına ait olan kartıma 20 TL yükleme işlemi yaptım fakat banka hesabımdan para çekilmesine rağme...,https://www.sikayetvar.com/asis-elektronik/asis-elektronik-kart-yukleme-sorunu-1
Denizbank İade Param Kartıma Yatmadı,Denizbank banka kartımla 17 Ekim 2022 466 TL lik internet alışverişim gerçekleşti ama ben alışverişi iptal ettirdiğim için internet site 10 gün sonra 27 ekimde paramı iade etti ama banka hala iade paramı kartıma geri yatırmadı. Normalde otomatik yatması lazım,https://www.sikayetvar.com/denizbank/denizbank-iade-param-kartima-yatmadi
İş Bankası Referans Puanları Yatmadı,Ağustos ayında babamı başka bir bankadan iş bankasına taşıdım promosyon anlaşması için. Eylül ayında ilk maaşını almasına rağmen hala referans ücreti tarafıma yatmadı. Koskoca iş bankasının böyle mağduriyet yaşatması çok üzücü bir durum. Aradığımda sürekli beni geçiştiriyorlar. Aynı problemi ben de ...,https://www.sikayetvar.com/is-bankasi/is-bankasi-referans-puanlari-yatmadi
Papara Müşteri Hizmetleri Sorunu,Papara destek arıyorum telefona bakmıyorlar. İlgili kimse yok mu arkadaşlar ya ben böyle bir banka gibi ATM kartı kullandıran müşteri hizmeti göremedim. Bir müzik bitiyor diğeri çalıyor bağlayın yeterrrrrrr lütfen bu mesajı Papara desteğe iletin bana ulaşsınlar 5522****61,https://www.sikayetvar.com/papara/papara-musteri-hizmetleri-sorunu-11
Papara Burs Adı Altında Yanıltma,Burs kazandınız diye bana hesap açtırdılar bir bankadan önce 100 lira yollayıp sonra aktarım yaptırdılar 24 saat içinde burs yatacak diye. Hesabım başkasının elinde verdikleri şifreyle giriş yapamıyorum adıma işlem yapılmasını istemiyorum.,https://www.sikayetvar.com/papara/papara-burs-adi-altinda-yaniltma-1
Bilyoner Mağdur Olmam,Bilyoner'de şans oyunları bölümünde tombala gelmiş bulunmakta bilmeyenler için yazıyorum ne yazık kı kendi ana paranız tl'niz ile giriyorsunuz kazandıklarınızı kesinlikle bankanıza transfer ettirmiyorlar BP adı altında sözde puan dedikleri bakiye olarak kalıyor. Çok yazık insanlarla alay ediyorlar m...,https://www.sikayetvar.com/bilyoner/bilyoner-magdur-olmam
Hepsiburada'nın Ve Satıcısı Mutlubebe'nin Müşteriyi Mağdur Etmesi,"01.11.2022 tarihinde saat 09:01 de ""Hepsiburada"" üzerinden ""728 446 992"" sipariş numaralı ""Prego 2034 Aria Travel Sistem Bebek Arabası Gri"" ürününü "" Mutlubebe "" satıcısından 4.410.88TL ye kredi kartına 3 taksitte satın aldım. Aynı gün kargoya verilmesi gereken ürün verilmedi ve aynı aksam saat 18:0...",https://www.sikayetvar.com/hepsiburada/hepsiburadanin-ve-saticisi-mutlubebenin-musteriyi-magdur-etmesi
Denizbank Kredi Sorunu İlgilenmemek,Denizbank ile yıllarca çalışmaktayım kredi kartım var FastPay olarak da aktif kullanıyorum kredi kartı limit yükseltme kesinlikle yapmıyor ikincisin FastPay kredi 1000 TL veriyor ve düzenli ödeme yapıyoruz ama maalesef normal kredi başvuru hep red veriyor başka banka kredi 15-20 bin onay veriyor Den...,https://www.sikayetvar.com/denizbank/denizbank-kredi-sorunu-ilgilenmemek
KKB Deki Sicilimin Düzeltilmesini İstiyorum,"Sicil Geçmişi Düzeltilmesi! 
Geçmişe dönük bütün borçlarımı ödeyip kapattım şu an gecikmem yok ama kredi kayıt bürosunca puanım düşük ve sicilim bozuk olarak gözüküyor hala bunun kaldırılmasını talep ediyorum. 
Kredi Kayıt Bürosu Kredi Sicil Affından Yararlanmak İstiyorum. 
Bireysel bankacılık ve si...",https://www.sikayetvar.com/kredi-kayit-burosu/kkb-deki-sicilimin-duzeltilmesini-istiyorum
Findeks Kredi Notu Yükselmiyor!,"Aylardır banka ödemelerim çok düzenli kredi kartlarım kredi ve KMH hesaplarım hepsi çok düzgün ödeniyor. Findeks'te de ödemelerin düzenli olduğu görünüyor. Fakat kredi notu bir turlu yükselmiyor. 900- 1100 arası gidip geliyor, anlamadım nasıl is bu! Resmen keyfinize kaldığı gibi, işlem uygulandığını...",https://www.sikayetvar.com/findeks/findeks-kredi-notu-yukselmiyor-40
Agesa Hayat ve Emeklilik İptali Ve Para İadesi,Akbank mobil bankacılık aracılığıyla çekmiş olduğum kredi karşılığında hayat sigortası ücreti kesilmiştir. Poliçe numarası v93**613-57 olan ve Agesa tarafından uygulanan sigortamın devam etmemesini ve sigortanın iptalinden doğan ücretin hesabıma iadesini talep ediyorum. Sigortacılık mevzuatı gereği ...,https://www.sikayetvar.com/agesa-hayat-ve-emeklilik/agesa-hayat-ve-emeklilik-iptali-ve-para-iadesi
,,
